{"branches": 55.154639175257735, "coverage": 64.36531007751938}