{"branches": 55.154639175257735, "coverage": 64.39980638915779}