{"branches": 83.69565217391305, "coverage": 94.05673120216119}