{"branches": 49.107142857142854, "coverage": 79.13761041376104}