{"branches": 55.154639175257735, "coverage": 64.34803683955404}