{"branches": 83.33333333333334, "coverage": 94.3250214961307}