{"branches": 55.154639175257735, "coverage": 64.30478039310847}