{"branches": 55.154639175257735, "coverage": 64.27009958707796}