{"branches": 69.85294117647058, "coverage": 73.78161628624305}