{"branches": 83.33333333333334, "coverage": 94.34204886412346}