{"branches": 83.33333333333334, "coverage": 94.36619718309859}