{"branches": 69.44444444444444, "coverage": 74.20599584446424}