{"branches": 55.154639175257735, "coverage": 65.88645418326693}