{"branches": 59.55056179775281, "coverage": 67.40854438475313}