{"branches": 55.154639175257735, "coverage": 64.41090555014605}