{"branches": 70.1492537313433, "coverage": 73.91439205955335}