{"branches": 64.02439024390245, "coverage": 71.66212534059946}