{"branches": 83.33333333333334, "coverage": 94.3298969072165}