{"branches": 55.154639175257735, "coverage": 64.33074684772066}