{"branches": 83.33333333333334, "coverage": 94.61444308445533}