{"branches": 55.729166666666664, "coverage": 66.10042468148887}