{"branches": 64.19753086419753, "coverage": 71.05263157894737}